c:\Users\Alessandra\Documents\GIT\signa-main\dados\complexosHDAC2\ligantes\4lxz_H2_L1.pdb,393499,384991,376557,368264,360058,351960,343982,336107,328246,320531,312840,305358,297929,290707,283483,276388,269345,262397,255666,248867,242329,235984,229588,223315,217123,210985,204945,198974,193320,187757,182236,176766,171595,166350,161198,156227,151385,146501,141853,137152,132649,128363,124163,120031,116028,112099,108214,104366,100680,97017,93332,89746,86270,82873,79720,76617,73544,70531,67584,64726,61845,58978,56194,53572,50933,48339,45860,43454,41147,38882,36670,34277,31957,29849,27876,25841,23964,22269,20700,19476,18462,17349,15618,14367,13227,12325,11507,10741,10095,9475,8880,8450,7821,7336,7199,6133,4301,3672,3196,3125,3124,3123,3101,3081,3075,1866,1325,502,12,11,11,11,11,11,11,10,10,7,6,5
c:\Users\Alessandra\Documents\GIT\signa-main\dados\complexosHDAC2\ligantes\4lxz_H2_L10.pdb,394314,385787,377312,369001,360759,352636,344641,336728,328868,321117,313418,305930,298488,291231,283969,276830,269766,262831,256084,249257,242700,236347,229920,223626,217416,211267,205192,199193,193533,187946,182392,176922,171739,166486,161341,156353,151492,146619,141959,137269,132762,128465,124283,120129,116119,112193,108297,104443,100767,97103,93418,89827,86327,82930,79785,76664,73587,70574,67618,64751,61869,59005,56237,53613,50974,48381,45896,43486,41183,38913,36703,34313,31988,29886,27917,25886,24005,22305,20739,19513,18495,17377,15641,14382,13245,12337,11516,10749,10098,9479,8887,8457,7827,7340,7198,6132,4302,3678,3198,3127,3126,3125,3103,3083,3077,1866,1324,501,12,11,11,11,11,11,11,10,10,7,6,5
c:\Users\Alessandra\Documents\GIT\signa-main\dados\complexosHDAC2\ligantes\4lxz_H2_L11.pdb,395648,387081,378609,370262,362010,353854,345833,337899,329994,322219,314505,306999,299527,292226,284929,277769,270674,263702,256908,250029,243474,237110,230672,224339,218107,211935,205846,199860,194182,188584,183021,177513,172331,167047,161884,156885,151993,147072,142385,137671,133143,128827,124586,120409,116390,112444,108547,104672,100981,97318,93615,90015,86515,83132,79958,76844,73740,70701,67737,64874,61977,59093,56298,53679,51038,48441,45956,43536,41224,38954,36737,34346,32023,29917,27949,25915,24037,22338,20772,19543,18522,17408,15683,14422,13283,12372,11553,10787,10132,9511,8917,8479,7850,7361,7218,6150,4311,3681,3204,3129,3128,3127,3105,3085,3079,1870,1325,501,12,11,11,11,11,11,11,10,10,7,6,5
c:\Users\Alessandra\Documents\GIT\signa-main\dados\complexosHDAC2\ligantes\4lxz_H2_L12.pdb,394532,385995,377528,369216,360995,352879,344866,336962,329095,321342,313638,306151,298690,291415,284165,277039,269966,263028,256282,249468,242919,236559,230119,223810,217580,211449,205381,199402,193738,188147,182597,177106,171919,166665,161494,156503,151649,146755,142101,137406,132869,128563,124352,120187,116166,112239,108350,104501,100811,97146,93466,89868,86376,82976,79821,76710,73640,70630,67682,64825,61940,59080,56301,53678,51027,48420,45945,43535,41236,38973,36762,34364,32039,29937,27968,25934,24041,22342,20774,19548,18531,17408,15667,14403,13259,12349,11530,10766,10112,9492,8897,8465,7836,7348,7212,6147,4310,3679,3202,3131,3130,3129,3107,3087,3081,1871,1325,502,12,11,11,11,11,11,11,10,10,7,6,5
c:\Users\Alessandra\Documents\GIT\signa-main\dados\complexosHDAC2\ligantes\4lxz_H2_L13.pdb,394310,385786,377316,369023,360813,352715,344717,336836,328964,321224,313522,305997,298536,291285,284040,276899,269834,262900,256145,249309,242783,236448,230027,223724,217496,211332,205265,199303,193640,188065,182525,177058,171873,166616,161443,156450,151585,146685,142038,137342,132848,128551,124348,120205,116200,112273,108369,104519,100849,97182,93495,89889,86409,83012,79848,76731,73656,70647,67688,64813,61909,59044,56261,53638,50998,48399,45917,43494,41187,38915,36702,34316,31980,29867,27907,25870,23990,22288,20722,19500,18486,17373,15637,14385,13245,12341,11515,10752,10101,9480,8887,8456,7825,7341,7207,6138,4301,3676,3198,3127,3126,3125,3103,3083,3077,1871,1323,502,12,11,11,11,11,11,11,10,10,7,6,5
c:\Users\Alessandra\Documents\GIT\signa-main\dados\complexosHDAC2\ligantes\4lxz_H2_L14.pdb,394265,385731,377269,368985,360769,352685,344713,336822,328941,321217,313501,306002,298565,291325,284069,276946,269877,262934,256208,249408,242873,236537,230115,223802,217595,211467,205427,199441,193770,188181,182638,177156,171993,166724,161553,156579,151709,146823,142162,137468,132951,128646,124428,120274,116281,112338,108433,104586,100906,97248,93563,89958,86473,83081,79918,76803,73720,70712,67759,64889,61974,59098,56319,53694,51058,48464,45972,43554,41238,38968,36758,34371,32046,29927,27958,25922,24041,22340,20768,19543,18527,17413,15673,14421,13277,12367,11542,10772,10120,9497,8901,8464,7835,7348,7210,6142,4306,3679,3202,3131,3130,3128,3106,3084,3077,1867,1321,501,12,11,11,11,11,11,11,10,10,7,6,5
c:\Users\Alessandra\Documents\GIT\signa-main\dados\complexosHDAC2\ligantes\4lxz_H2_L15.pdb,397092,388503,379976,371611,363336,355150,347114,339170,331261,323455,315663,308128,300614,293289,285984,278805,271690,264693,257900,251040,244450,238063,231564,225216,218964,212793,206694,200672,194959,189345,183758,178216,173017,167707,162504,157482,152594,147661,142981,138247,133712,129386,125146,120954,116908,112923,108995,105104,101403,97726,93997,90366,86868,83446,80279,77132,74026,70997,68031,65153,62250,59383,56585,53947,51278,48662,46157,43736,41408,39118,36894,34498,32158,30044,28054,26015,24127,22416,20842,19606,18579,17458,15718,14454,13310,12395,11568,10798,10141,9514,8922,8482,7851,7363,7217,6148,4315,3689,3209,3135,3133,3132,3110,3090,3082,1863,1324,502,12,11,11,11,11,11,11,10,10,7,6,5
c:\Users\Alessandra\Documents\GIT\signa-main\dados\complexosHDAC2\ligantes\4lxz_H2_L16.pdb,394092,385564,377106,368827,360607,352495,344503,336597,328736,320998,313302,305821,298357,291120,283878,276768,269707,262761,256000,249171,242639,236298,229878,223571,217377,211245,205180,199181,193525,187957,182418,176941,171747,166495,161320,156344,151481,146587,141933,137219,132715,128414,124202,120060,116040,112106,108211,104348,100661,96988,93301,89696,86207,82820,79669,76567,73496,70504,67549,64692,61802,58943,56176,53548,50907,48323,45843,43440,41141,38870,36662,34274,31958,29843,27878,25848,23967,22270,20712,19489,18473,17362,15626,14372,13236,12320,11506,10745,10094,9476,8884,8453,7818,7333,7198,6132,4296,3670,3195,3124,3123,3122,3100,3078,3072,1868,1323,503,12,11,11,11,11,11,11,10,10,7,6,5
c:\Users\Alessandra\Documents\GIT\signa-main\dados\complexosHDAC2\ligantes\4lxz_H2_L17.pdb,394806,386277,377805,369464,361248,353135,345141,337229,329327,321566,313837,306342,298869,291610,284349,277213,270138,263161,256413,249570,243016,236651,230213,223898,217677,211535,205455,199481,193812,188214,182651,177174,171998,166723,161553,156571,151683,146800,142156,137431,132936,128635,124438,120290,116274,112336,108439,104575,100902,97242,93568,89961,86476,83082,79931,76792,73714,70702,67751,64884,61978,59099,56315,53696,51046,48453,45975,43555,41248,38966,36749,34351,32031,29914,27953,25907,24023,22315,20751,19530,18517,17409,15667,14408,13265,12353,11536,10765,10113,9494,8895,8464,7834,7349,7210,6141,4304,3681,3204,3130,3128,3127,3105,3085,3079,1868,1326,502,12,11,11,11,11,11,11,10,10,7,6,5
c:\Users\Alessandra\Documents\GIT\signa-main\dados\complexosHDAC2\ligantes\4lxz_H2_L18.pdb,395293,386730,378260,369943,361693,353567,345574,337681,329785,322024,314294,306771,299315,292050,284769,277630,270556,263601,256836,250009,243454,237086,230653,224322,218095,211949,205861,199854,194171,188578,183011,177521,172327,167043,161880,156884,152012,147101,142433,137714,133174,128870,124657,120493,116479,112541,108632,104754,101062,97406,93707,90103,86588,83178,80010,76888,73805,70789,67840,64968,62064,59195,56411,53773,51107,48522,46044,43613,41297,39024,36812,34427,32093,29979,28000,25961,24069,22361,20792,19563,18545,17421,15681,14424,13278,12373,11544,10775,10123,9502,8905,8473,7844,7354,7211,6145,4315,3685,3208,3133,3132,3131,3109,3088,3082,1865,1321,501,12,11,11,11,11,11,11,10,10,7,6,5
c:\Users\Alessandra\Documents\GIT\signa-main\dados\complexosHDAC2\ligantes\4lxz_H2_L19.pdb,394182,385660,377205,368893,360677,352573,344579,336682,328830,321083,313372,305894,298432,291164,283930,276806,269740,262789,256059,249226,242670,236342,229926,223624,217405,211260,205179,199200,193550,187938,182401,176929,171765,166500,161330,156361,151505,146613,141965,137246,132749,128456,124254,120108,116095,112178,108281,104441,100764,97090,93408,89818,86332,82939,79798,76682,73592,70579,67620,64748,61844,58979,56202,53590,50945,48356,45878,43466,41158,38888,36683,34298,31968,29864,27895,25859,23978,22281,20721,19492,18479,17367,15626,14369,13229,12325,11503,10740,10093,9473,8881,8447,7819,7330,7195,6131,4290,3668,3193,3122,3121,3120,3098,3078,3072,1868,1323,501,12,11,11,11,11,11,11,10,10,7,6,5
c:\Users\Alessandra\Documents\GIT\signa-main\dados\complexosHDAC2\ligantes\4lxz_H2_L2.pdb,394369,385836,377350,369044,360805,352704,344726,336830,328958,321212,313502,306002,298547,291290,284008,276887,269816,262875,256144,249328,242780,236440,230019,223702,217468,211305,205227,199253,193615,188027,182470,176991,171811,166553,161378,156405,151539,146654,141973,137289,132786,128488,124283,120138,116129,112191,108290,104450,100773,97130,93431,89849,86358,82974,79816,76692,73618,70603,67649,64783,61877,59009,56235,53620,50974,48387,45901,43489,41182,38916,36717,34327,32000,29894,27918,25883,24007,22319,20768,19541,18528,17413,15672,14424,13286,12378,11559,10785,10130,9502,8907,8470,7839,7354,7210,6136,4306,3684,3207,3134,3132,3131,3107,3087,3080,1860,1324,505,12,11,11,11,11,11,11,10,10,7,6,5
c:\Users\Alessandra\Documents\GIT\signa-main\dados\complexosHDAC2\ligantes\4lxz_H2_L20.pdb,396613,388048,379523,371181,362908,354723,346678,338724,330798,323011,315256,307729,300208,292890,285570,278392,271274,264295,257515,250653,244057,237674,231197,224825,218578,212391,206277,200245,194560,188926,183351,177826,172624,167333,162117,157102,152230,147310,142635,137921,133396,129059,124827,120648,116599,112650,108721,104839,101128,97452,93750,90144,86639,83226,80053,76918,73832,70809,67829,64965,62066,59184,56400,53764,51112,48509,46024,43614,41306,39037,36814,34410,32080,29971,27996,25969,24079,22363,20793,19562,18545,17431,15697,14437,13292,12382,11556,10792,10140,9519,8925,8491,7856,7365,7231,6152,4310,3678,3203,3132,3131,3130,3108,3086,3080,1869,1323,501,12,11,11,11,11,11,11,10,10,7,6,5
c:\Users\Alessandra\Documents\GIT\signa-main\dados\complexosHDAC2\ligantes\4lxz_H2_L21.pdb,395899,387338,378819,370470,362203,354054,346022,338086,330180,322381,314654,307110,299598,292299,284996,277847,270739,263741,256973,250124,243546,237161,230715,224369,218135,211945,205856,199860,194169,188554,182986,177489,172310,167018,161832,156855,151975,147060,142401,137682,133188,128884,124674,120514,116476,112539,108622,104764,101092,97434,93736,90122,86629,83236,80071,76945,73852,70830,67868,64991,62095,59214,56430,53803,51143,48536,46036,43605,41291,39013,36800,34399,32070,29947,27973,25945,24066,22366,20790,19558,18534,17420,15675,14421,13280,12372,11552,10781,10133,9513,8918,8482,7852,7359,7220,6153,4315,3689,3211,3138,3136,3135,3112,3091,3085,1872,1331,504,12,11,11,11,11,11,11,10,10,7,6,5
c:\Users\Alessandra\Documents\GIT\signa-main\dados\complexosHDAC2\ligantes\4lxz_H2_L22.pdb,393502,385005,376551,368260,360058,351983,344037,336162,328323,320591,312896,305431,298006,290764,283525,276407,269351,262428,255711,248891,242384,236044,229642,223355,217132,210996,204947,198958,193314,187746,182196,176714,171542,166301,161135,156175,151317,146426,141770,137076,132570,128272,124077,119944,115936,112005,108119,104277,100605,96950,93261,89666,86176,82785,79639,76530,73455,70448,67500,64639,61754,58888,56108,53484,50847,48267,45785,43379,41079,38817,36608,34216,31902,29790,27832,25806,23931,22239,20685,19460,18447,17339,15614,14366,13228,12326,11509,10744,10095,9478,8879,8447,7818,7332,7196,6128,4297,3675,3195,3123,3122,3121,3099,3079,3073,1863,1322,502,12,11,11,11,11,11,11,10,10,7,6,5
c:\Users\Alessandra\Documents\GIT\signa-main\dados\complexosHDAC2\ligantes\4lxz_H2_L23.pdb,394041,385520,377074,368784,360561,352457,344492,336616,328760,321048,313352,305886,298432,291166,283911,276799,269737,262794,256067,249236,242717,236391,229972,223665,217462,211308,205238,199263,193593,188015,182482,177006,171839,166583,161418,156451,151593,146707,142057,137362,132872,128577,124389,120253,116230,112289,108405,104551,100871,97195,93515,89921,86433,83047,79898,76795,73724,70712,67747,64874,61976,59108,56329,53707,51051,48451,45970,43548,41239,38958,36744,34350,32017,29900,27932,25894,24009,22301,20740,19514,18497,17380,15642,14389,13255,12351,11532,10766,10119,9500,8906,8475,7843,7357,7220,6152,4307,3681,3204,3133,3132,3131,3109,3087,3081,1875,1327,501,12,11,11,11,11,11,11,10,10,7,6,5
c:\Users\Alessandra\Documents\GIT\signa-main\dados\complexosHDAC2\ligantes\4lxz_H2_L24.pdb,397112,388501,379995,371620,363350,355195,347160,339193,331265,323465,315685,308123,300606,293317,286035,278853,271737,264736,257939,251077,244500,238091,231603,225264,219017,212809,206705,200672,194989,189354,183761,178209,172999,167697,162506,157480,152568,147642,142957,138239,133696,129362,125123,120918,116886,112915,108992,105135,101440,97765,94054,90426,86906,83505,80333,77176,74075,71046,68068,65181,62267,59389,56601,53949,51287,48669,46169,43736,41415,39133,36899,34497,32166,30036,28057,26010,24114,22404,20833,19604,18585,17458,15712,14453,13308,12398,11573,10801,10142,9518,8925,8489,7856,7370,7221,6146,4318,3694,3212,3141,3140,3139,3117,3097,3088,1866,1326,505,12,11,11,11,11,11,11,10,10,7,6,5
c:\Users\Alessandra\Documents\GIT\signa-main\dados\complexosHDAC2\ligantes\4lxz_H2_L25.pdb,395097,386559,378070,369729,361500,353364,345355,337441,329546,321793,314064,306556,299102,291826,284541,277383,270297,263341,256585,249773,243201,236844,230429,224113,217887,211725,205667,199659,193995,188398,182853,177357,172179,166920,161738,156765,151901,147010,142344,137640,133111,128802,124591,120440,116433,112495,108583,104726,101040,97366,93678,90081,86590,83192,80027,76907,73815,70795,67834,64969,62080,59208,56420,53795,51138,48549,46061,43627,41322,39052,36834,34435,32106,29994,28019,25975,24083,22373,20809,19589,18566,17449,15707,14443,13298,12387,11566,10792,10135,9511,8914,8479,7847,7362,7219,6138,4308,3686,3208,3135,3134,3133,3111,3091,3085,1864,1326,506,12,11,11,11,11,11,11,10,10,7,6,5
c:\Users\Alessandra\Documents\GIT\signa-main\dados\complexosHDAC2\ligantes\4lxz_H2_L26.pdb,393623,385105,376675,368378,360176,352083,344096,336216,328365,320636,312954,305477,298043,290809,283575,276456,269399,262461,255738,248919,242390,236055,229639,223345,217153,211014,204966,198978,193330,187763,182225,176740,171568,166321,161162,156184,151341,146455,141818,137110,132624,128327,124123,119989,115988,112074,108188,104346,100675,97020,93327,89737,86247,82862,79705,76596,73517,70512,67572,64710,61826,58961,56179,53558,50916,48326,45852,43443,41143,38882,36668,34281,31955,29849,27881,25849,23969,22269,20711,19482,18467,17359,15632,14377,13243,12328,11509,10745,10094,9476,8881,8449,7819,7334,7199,6131,4298,3673,3197,3125,3124,3123,3101,3079,3073,1862,1324,504,12,11,11,11,11,11,11,10,10,7,6,5
c:\Users\Alessandra\Documents\GIT\signa-main\dados\complexosHDAC2\ligantes\4lxz_H2_L27.pdb,395564,387038,378553,370217,361947,353799,345783,337860,329960,322197,314499,306981,299490,292169,284903,277755,270665,263697,256927,250083,243528,237157,230705,224372,218145,211972,205868,199862,194181,188587,183004,177517,172318,167034,161852,156850,151979,147068,142399,137686,133176,128858,124641,120492,116471,112512,108600,104733,101054,97392,93697,90094,86602,83200,80028,76898,73812,70773,67812,64946,62038,59171,56381,53744,51093,48502,46017,43599,41286,39007,36781,34391,32067,29964,27995,25948,24054,22345,20773,19536,18516,17408,15669,14411,13267,12355,11532,10763,10115,9497,8906,8467,7838,7350,7212,6151,4309,3681,3202,3129,3128,3127,3105,3085,3079,1873,1329,501,12,11,11,11,11,11,11,10,10,7,6,5
c:\Users\Alessandra\Documents\GIT\signa-main\dados\complexosHDAC2\ligantes\4lxz_H2_L28.pdb,395364,386814,378351,370016,361759,353643,345642,337713,329824,322051,314328,306796,299323,292038,284759,277638,270527,263544,256779,249932,243370,236995,230549,224232,217998,211831,205763,199771,194069,188449,182896,177391,172192,166909,161722,156716,151837,146937,142291,137573,133063,128740,124537,120379,116358,112421,108507,104648,100949,97285,93574,89971,86468,83057,79888,76773,73691,70667,67705,64849,61960,59094,56294,53671,51025,48429,45937,43518,41217,38956,36736,34339,32005,29904,27943,25900,24013,22312,20751,19525,18506,17391,15656,14404,13260,12350,11531,10764,10114,9492,8898,8466,7834,7341,7203,6134,4294,3669,3194,3123,3122,3121,3099,3079,3073,1867,1322,501,12,11,11,11,11,11,11,10,10,7,6,5
c:\Users\Alessandra\Documents\GIT\signa-main\dados\complexosHDAC2\ligantes\4lxz_H2_L29.pdb,394538,386021,377534,369195,360982,352873,344889,336972,329089,321368,313668,306167,298720,291458,284217,277095,270020,263056,256296,249484,242943,236587,230150,223860,217635,211486,205421,199444,193786,188181,182626,177148,171974,166709,161542,156562,151675,146783,142141,137411,132916,128614,124414,120274,116256,112313,108421,104570,100884,97218,93520,89906,86412,83019,79859,76745,73669,70656,67695,64832,61942,59076,56288,53657,51004,48414,45935,43529,41229,38961,36745,34356,32020,29917,27951,25909,24023,22326,20756,19530,18522,17403,15658,14398,13260,12354,11528,10761,10107,9488,8894,8460,7832,7349,7210,6133,4301,3677,3201,3130,3129,3128,3106,3084,3078,1862,1321,502,12,11,11,11,11,11,11,10,10,7,6,5
c:\Users\Alessandra\Documents\GIT\signa-main\dados\complexosHDAC2\ligantes\4lxz_H2_L3.pdb,393085,384585,376143,367886,359673,351584,343608,335732,327881,320167,312501,305018,297571,290342,283124,276018,268992,262067,255366,248548,242008,235683,229279,222995,216800,210671,204629,198683,193043,187480,181937,176461,171316,166063,160914,155950,151096,146225,141597,136907,132429,128147,123949,119813,115814,111891,108018,104183,100510,96863,93196,89608,86128,82740,79599,76502,73429,70420,67483,64628,61751,58883,56116,53502,50850,48268,45790,43383,41086,38826,36618,34230,31912,29802,27838,25813,23926,22232,20675,19458,18441,17328,15598,14351,13210,12302,11487,10721,10075,9454,8861,8432,7804,7319,7182,6113,4290,3666,3190,3119,3118,3117,3095,3075,3068,1859,1316,502,12,11,11,11,11,11,11,10,10,7,6,5
c:\Users\Alessandra\Documents\GIT\signa-main\dados\complexosHDAC2\ligantes\4lxz_H2_L30.pdb,394009,385514,377063,368754,360542,352430,344450,336550,328665,320926,313218,305739,298280,291038,283791,276684,269630,262701,255954,249134,242580,236227,229812,223504,217301,211153,205094,199125,193477,187898,182344,176873,171688,166424,161258,156280,151421,146539,141901,137210,132701,128411,124218,120065,116052,112127,108242,104400,100711,97051,93382,89785,86294,82906,79761,76648,73562,70546,67590,64727,61843,58969,56194,53585,50928,48345,45867,43464,41163,38890,36675,34280,31960,29861,27904,25867,23980,22283,20714,19487,18470,17359,15619,14367,13228,12320,11499,10737,10091,9471,8877,8445,7814,7328,7193,6128,4291,3667,3192,3121,3120,3119,3097,3077,3071,1865,1321,501,12,11,11,11,11,11,11,10,10,7,6,5
c:\Users\Alessandra\Documents\GIT\signa-main\dados\complexosHDAC2\ligantes\4lxz_H2_L31.pdb,395464,386895,378390,370035,361769,353647,345642,337728,329830,322047,314318,306805,299327,292027,284744,277615,270527,263562,256776,249919,243355,236985,230526,224205,217974,211817,205733,199733,194052,188457,182910,177395,172206,166938,161764,156755,151875,146987,142339,137642,133137,128819,124599,120447,116432,112502,108604,104751,101070,97401,93715,90102,86629,83223,80068,76930,73844,70825,67861,65002,62107,59253,56455,53821,51175,48578,46092,43669,41359,39077,36848,34450,32119,30014,28036,25988,24098,22385,20820,19585,18563,17444,15698,14439,13292,12378,11557,10784,10134,9515,8921,8486,7852,7364,7223,6152,4314,3683,3208,3137,3136,3135,3113,3093,3086,1871,1326,503,12,11,11,11,11,11,11,10,10,7,6,5
c:\Users\Alessandra\Documents\GIT\signa-main\dados\complexosHDAC2\ligantes\4lxz_H2_L32.pdb,393825,385311,376853,368560,360342,352248,344268,336383,328528,320795,313099,305612,298160,290921,283681,276577,269524,262571,255840,249019,242478,236136,229716,223426,217218,211087,205023,199053,193389,187816,182277,176812,171639,166390,161230,156270,151407,146517,141867,137158,132665,128363,124170,120034,116021,112104,108210,104355,100666,97003,93312,89712,86226,82836,79685,76578,73505,70500,67550,64693,61818,58937,56156,53535,50902,48308,45839,43431,41126,38860,36641,34258,31943,29839,27869,25835,23957,22266,20709,19488,18470,17358,15618,14365,13231,12328,11510,10743,10092,9477,8884,8450,7820,7334,7199,6134,4296,3671,3195,3124,3123,3122,3100,3080,3074,1869,1322,503,13,11,11,11,11,11,11,10,10,7,6,5
c:\Users\Alessandra\Documents\GIT\signa-main\dados\complexosHDAC2\ligantes\4lxz_H2_L33.pdb,396132,387565,379071,370715,362460,354309,346299,338353,330433,322650,314930,307405,299919,292622,285307,278142,271051,264058,257286,250418,243847,237469,231011,224680,218458,212274,206176,200164,194478,188860,183288,177775,172573,167284,162095,157094,152200,147301,142619,137891,133378,129049,124835,120661,116617,112675,108756,104900,101208,97534,93829,90226,86714,83291,80138,77014,73906,70888,67923,65039,62117,59250,56456,53822,51166,48564,46074,43649,41344,39065,36835,34438,32097,29989,28000,25964,24066,22364,20792,19563,18541,17425,15682,14427,13285,12376,11548,10785,10130,9512,8916,8485,7854,7365,7223,6154,4310,3681,3206,3135,3134,3133,3111,3090,3084,1872,1327,502,12,11,11,11,11,11,11,10,10,7,6,5
c:\Users\Alessandra\Documents\GIT\signa-main\dados\complexosHDAC2\ligantes\4lxz_H2_L34.pdb,393330,384832,376401,368112,359911,351834,343868,336001,328145,320420,312740,305239,297792,290558,283315,276199,269162,262226,255504,248697,242183,235851,229445,223149,216929,210795,204743,198768,193133,187573,182028,176556,171395,166144,160993,156022,151171,146278,141634,136935,132448,128154,123954,119814,115819,111877,107982,104159,100493,96843,93165,89574,86094,82710,79563,76458,73397,70391,67452,64598,61720,58862,56089,53473,50833,48248,45762,43363,41066,38808,36603,34220,31903,29803,27841,25808,23920,22225,20667,19452,18443,17334,15598,14350,13209,12302,11487,10724,10074,9456,8864,8434,7806,7322,7186,6119,4289,3665,3189,3118,3117,3116,3094,3074,3068,1863,1318,501,12,11,11,11,11,11,11,10,10,7,6,5
c:\Users\Alessandra\Documents\GIT\signa-main\dados\complexosHDAC2\ligantes\4lxz_H2_L35.pdb,394470,385930,377454,369164,360940,352813,344806,336900,329031,321290,313580,306075,298620,291358,284107,276968,269909,262966,256214,249404,242852,236526,230081,223765,217554,211402,205326,199329,193658,188059,182512,177029,171857,166582,161399,156406,151546,146655,141999,137307,132804,128521,124322,120176,116171,112225,108333,104477,100788,97125,93439,89843,86365,82973,79827,76710,73617,70608,67653,64792,61900,59033,56255,53646,51000,48406,45925,43503,41195,38933,36715,34323,31998,29887,27927,25888,23998,22306,20743,19517,18495,17380,15652,14396,13262,12350,11531,10765,10112,9489,8894,8461,7833,7350,7211,6143,4308,3685,3205,3132,3130,3129,3106,3084,3078,1863,1326,503,12,11,11,11,11,11,11,10,10,7,6,5
c:\Users\Alessandra\Documents\GIT\signa-main\dados\complexosHDAC2\ligantes\4lxz_H2_L36.pdb,394826,386317,377841,369519,361283,353176,345192,337295,329431,321659,313956,306471,299009,291714,284455,277308,270232,263282,256541,249710,243158,236806,230384,224057,217846,211695,205625,199633,193977,188377,182822,177336,172138,166860,161695,156705,151814,146906,142219,137516,132986,128668,124437,120290,116265,112330,108421,104575,100881,97221,93545,89940,86433,83051,79893,76776,73693,70678,67718,64852,61963,59098,56318,53691,51042,48447,45968,43536,41233,38964,36746,34358,32020,29907,27937,25899,24010,22308,20750,19518,18499,17387,15644,14387,13248,12351,11531,10766,10112,9491,8900,8468,7835,7346,7210,6143,4300,3676,3200,3129,3128,3127,3105,3085,3079,1870,1324,502,12,11,11,11,11,11,11,10,10,7,6,5
c:\Users\Alessandra\Documents\GIT\signa-main\dados\complexosHDAC2\ligantes\4lxz_H2_L37.pdb,396207,387639,379139,370797,362539,354363,346330,338393,330479,322702,314964,307437,299936,292639,285344,278185,271079,264099,257319,250462,243871,237492,231053,224724,218491,212322,206193,200185,194489,188892,183324,177800,172619,167326,162118,157136,152225,147315,142625,137911,133404,129085,124862,120684,116661,112707,108789,104908,101215,97522,93823,90213,86700,83290,80117,76989,73889,70865,67889,65008,62109,59233,56443,53815,51155,48561,46068,43647,41328,39051,36824,34422,32102,29988,28015,25972,24088,22391,20829,19589,18560,17438,15701,14446,13299,12389,11557,10789,10131,9510,8917,8486,7856,7362,7225,6160,4315,3683,3207,3136,3135,3134,3112,3092,3086,1875,1331,503,12,11,11,11,11,11,11,10,10,7,6,5
c:\Users\Alessandra\Documents\GIT\signa-main\dados\complexosHDAC2\ligantes\4lxz_H2_L38.pdb,395614,387035,378539,370194,361950,353782,345771,337831,329929,322143,314445,306912,299410,292123,284821,277678,270602,263653,256885,250022,243454,237092,230652,224335,218082,211918,205849,199854,194157,188566,183021,177516,172330,167045,161857,156854,151972,147065,142401,137684,133166,128853,124646,120475,116467,112529,108605,104745,101040,97366,93679,90080,86587,83182,80026,76892,73802,70777,67805,64926,62024,59152,56366,53748,51096,48497,46012,43593,41282,39006,36791,34393,32061,29945,27981,25944,24058,22355,20787,19550,18527,17410,15671,14412,13274,12366,11548,10784,10131,9512,8921,8486,7855,7360,7223,6153,4309,3681,3204,3133,3132,3131,3109,3089,3083,1875,1333,502,12,11,11,11,11,11,11,10,10,7,6,5
c:\Users\Alessandra\Documents\GIT\signa-main\dados\complexosHDAC2\ligantes\4lxz_H2_L39.pdb,396928,388311,379798,371431,363148,355004,346941,338971,331050,323247,315494,307945,300455,293093,285773,278627,271501,264521,257757,250875,244269,237875,231410,225064,218812,212621,206514,200491,194798,189172,183596,178086,172886,167592,162384,157370,152477,147559,142887,138150,133591,129257,125042,120855,116825,112869,108942,105069,101358,97682,93970,90354,86842,83440,80275,77138,74037,70996,68030,65135,62219,59333,56548,53915,51257,48654,46169,43741,41418,39135,36911,34492,32148,30038,28064,26032,24140,22430,20862,19621,18605,17481,15743,14475,13322,12406,11579,10811,10160,9539,8945,8505,7870,7378,7235,6163,4319,3692,3216,3143,3140,3139,3117,3097,3090,1877,1320,502,12,11,11,11,11,11,11,10,10,7,6,5
c:\Users\Alessandra\Documents\GIT\signa-main\dados\complexosHDAC2\ligantes\4lxz_H2_L4.pdb,393434,384946,376498,368214,360013,351940,343946,336059,328229,320507,312800,305323,297867,290632,283390,276274,269228,262298,255555,248749,242214,235883,229469,223172,216975,210843,204798,198812,193173,187604,182076,176617,171446,166191,161031,156052,151201,146319,141677,136993,132499,128212,124022,119879,115874,111954,108069,104234,100562,96924,93241,89663,86181,82790,79636,76532,73457,70450,67497,64639,61753,58892,56126,53504,50862,48272,45794,43382,41077,38822,36622,34242,31914,29813,27849,25816,23931,22234,20676,19452,18435,17319,15596,14349,13207,12301,11483,10721,10066,9451,8854,8424,7799,7312,7177,6112,4283,3662,3187,3116,3115,3114,3092,3072,3066,1855,1319,502,12,11,11,11,11,11,11,10,10,7,6,5
c:\Users\Alessandra\Documents\GIT\signa-main\dados\complexosHDAC2\ligantes\4lxz_H2_L40.pdb,393276,384780,376335,368049,359849,351770,343806,335955,328111,320405,312730,305231,297795,290544,283319,276201,269150,262215,255482,248671,242152,235826,229401,223113,216898,210787,204737,198776,193119,187542,182021,176542,171390,166147,161001,156027,151177,146295,141631,136932,132435,128153,123964,119825,115833,111918,108026,104188,100504,96860,93167,89578,86101,82714,79563,76463,73412,70414,67460,64603,61719,58858,56096,53472,50832,48239,45767,43365,41067,38807,36595,34213,31886,29790,27826,25802,23915,22223,20661,19440,18421,17316,15586,14343,13211,12305,11485,10726,10078,9456,8864,8431,7804,7318,7182,6111,4286,3664,3188,3117,3116,3115,3093,3073,3067,1855,1319,501,12,11,11,11,11,11,11,10,10,7,6,5
c:\Users\Alessandra\Documents\GIT\signa-main\dados\complexosHDAC2\ligantes\4lxz_H2_L41.pdb,396625,388048,379527,371157,362873,354730,346688,338733,330786,322998,315260,307711,300209,292888,285559,278404,271288,264294,257517,250651,244060,237686,231202,224862,218615,212429,206322,200298,194607,188993,183415,177923,172715,167434,162238,157241,152337,147424,142746,138021,133489,129176,124946,120777,116749,112794,108874,105005,101304,97632,93931,90313,86821,83404,80233,77095,73997,70959,67985,65103,62186,59298,56515,53885,51227,48632,46142,43715,41384,39106,36887,34482,32132,30019,28047,26006,24114,22400,20819,19584,18560,17438,15701,14438,13294,12386,11566,10802,10141,9520,8919,8484,7855,7363,7224,6159,4304,3681,3206,3135,3134,3133,3111,3091,3085,1878,1334,503,12,11,11,11,11,11,11,10,10,7,6,5
c:\Users\Alessandra\Documents\GIT\signa-main\dados\complexosHDAC2\ligantes\4lxz_H2_L42.pdb,395810,387220,378687,370334,362107,353976,345961,338012,330106,322334,314612,307081,299615,292336,285039,277905,270829,263834,257048,250206,243639,237277,230844,224530,218284,212111,206017,200024,194355,188752,183184,177671,172472,167188,162002,156998,152103,147172,142490,137783,133267,128945,124723,120560,116543,112587,108666,104791,101082,97403,93715,90110,86606,83208,80025,76898,73813,70803,67844,64967,62061,59188,56407,53777,51131,48540,46051,43630,41315,39041,36825,34419,32096,29990,28010,25979,24081,22373,20806,19581,18564,17442,15700,14438,13293,12386,11570,10801,10147,9527,8927,8490,7858,7366,7230,6158,4313,3687,3208,3137,3136,3135,3113,3093,3087,1880,1326,504,13,11,11,11,11,11,11,10,10,7,6,5
c:\Users\Alessandra\Documents\GIT\signa-main\dados\complexosHDAC2\ligantes\4lxz_H2_L43.pdb,393379,384880,376434,368147,359930,351848,343902,336004,328157,320438,312760,305274,297835,290597,283366,276242,269218,262276,255535,248712,242205,235866,229453,223156,216960,210808,204761,198777,193134,187570,182025,176554,171382,166131,160979,156023,151154,146281,141656,136964,132467,128173,123978,119838,115838,111923,108041,104206,100532,96889,93213,89624,86149,82764,79616,76503,73425,70419,67465,64606,61726,58877,56109,53493,50856,48263,45787,43370,41071,38805,36595,34217,31900,29803,27844,25818,23934,22225,20664,19444,18429,17320,15588,14337,13205,12299,11489,10729,10080,9461,8867,8432,7802,7319,7183,6121,4286,3664,3188,3117,3116,3115,3093,3073,3067,1862,1322,502,12,11,11,11,11,11,11,10,10,7,6,5
c:\Users\Alessandra\Documents\GIT\signa-main\dados\complexosHDAC2\ligantes\4lxz_H2_L44.pdb,393121,384608,376169,367874,359689,351591,343651,335775,327938,320210,312533,305078,297631,290376,283140,276029,268981,262050,255333,248527,241997,235672,229268,222989,216814,210688,204642,198669,193009,187431,181913,176454,171304,166071,160908,155934,151075,146203,141573,136882,132377,128075,123893,119751,115753,111822,107947,104104,100438,96787,93112,89528,86057,82678,79538,76436,73362,70358,67422,64561,61676,58820,56050,53441,50801,48218,45745,43343,41043,38786,36585,34201,31882,29778,27818,25800,23920,22232,20667,19447,18433,17319,15590,14337,13204,12302,11488,10726,10079,9460,8871,8438,7810,7324,7186,6123,4290,3668,3190,3119,3118,3117,3095,3075,3069,1863,1322,502,12,11,11,11,11,11,11,10,10,7,6,5
c:\Users\Alessandra\Documents\GIT\signa-main\dados\complexosHDAC2\ligantes\4lxz_H2_L45.pdb,394074,385544,377072,368748,360528,352425,344451,336542,328687,320973,313271,305778,298330,291064,283817,276702,269619,262679,255966,249143,242622,236282,229846,223558,217332,211187,205113,199129,193476,187889,182357,176880,171731,166466,161313,156320,151455,146572,141917,137198,132694,128380,124190,120026,116018,112099,108204,104353,100689,97027,93324,89745,86256,82872,79727,76613,73545,70545,67603,64744,61860,58993,56212,53576,50923,48335,45860,43451,41152,38892,36673,34287,31957,29857,27875,25845,23960,22264,20707,19488,18476,17372,15638,14376,13239,12328,11506,10739,10093,9476,8883,8453,7824,7339,7199,6133,4297,3677,3196,3125,3124,3123,3101,3081,3075,1869,1322,501,12,11,11,11,11,11,11,10,10,7,6,5
c:\Users\Alessandra\Documents\GIT\signa-main\dados\complexosHDAC2\ligantes\4lxz_H2_L46.pdb,394138,385634,377174,368887,360693,352590,344610,336704,328838,321080,313389,305904,298456,291194,283934,276806,269736,262786,256045,249225,242691,236349,229924,223594,217390,211235,205162,199178,193520,187952,182410,176937,171778,166523,161341,156350,151473,146571,141913,137222,132714,128433,124240,120099,116095,112156,108247,104397,100732,97078,93391,89802,86300,82911,79758,76655,73582,70570,67623,64747,61862,59004,56228,53613,50965,48366,45879,43464,41157,38896,36694,34310,31985,29870,27900,25862,23986,22274,20716,19486,18471,17359,15629,14372,13233,12317,11498,10735,10086,9468,8875,8446,7814,7329,7191,6128,4293,3673,3192,3121,3120,3119,3097,3077,3071,1866,1324,501,12,11,11,11,11,11,11,10,10,7,6,5
c:\Users\Alessandra\Documents\GIT\signa-main\dados\complexosHDAC2\ligantes\4lxz_H2_L47.pdb,393827,385305,376830,368534,360322,352224,344256,336353,328495,320755,313065,305547,298100,290833,283573,276457,269406,262492,255770,248965,242432,236091,229680,223375,217189,211044,204997,199022,193373,187786,182254,176772,171614,166352,161192,156205,151357,146477,141826,137129,132651,128369,124162,120018,116016,112099,108206,104362,100687,97032,93355,89781,86292,82903,79764,76654,73574,70567,67623,64772,61891,59019,56246,53625,50982,48399,45921,43511,41211,38940,36730,34340,32019,29910,27940,25913,24022,22336,20774,19548,18532,17405,15672,14421,13279,12371,11547,10782,10129,9508,8908,8471,7838,7356,7212,6133,4301,3678,3201,3130,3129,3128,3106,3086,3080,1855,1317,502,12,11,11,11,11,11,11,10,10,7,6,5
c:\Users\Alessandra\Documents\GIT\signa-main\dados\complexosHDAC2\ligantes\4lxz_H2_L48.pdb,392489,384009,375583,367313,359132,351051,343107,335247,327415,319718,312030,304574,297155,289932,282711,275630,268598,261686,254974,248170,241672,235360,228977,222691,216502,210363,204336,198385,192768,187201,181676,176218,171070,165814,160681,155725,150897,146012,141370,136688,132206,127923,123727,119606,115612,111696,107819,103977,100309,96676,93012,89437,85951,82574,79440,76346,73282,70284,67343,64493,61613,58755,55996,53385,50756,48180,45700,43286,40991,38740,36536,34156,31840,29748,27792,25767,23884,22188,20636,19414,18401,17293,15563,14317,13184,12284,11471,10708,10059,9443,8852,8422,7793,7310,7176,6110,4286,3661,3186,3115,3114,3113,3091,3069,3063,1859,1317,501,12,11,11,11,11,11,11,10,10,7,6,5
c:\Users\Alessandra\Documents\GIT\signa-main\dados\complexosHDAC2\ligantes\4lxz_H2_L49.pdb,393422,384899,376440,368152,359959,351868,343905,336029,328186,320479,312800,305321,297874,290620,283383,276252,269196,262271,255554,248735,242220,235885,229484,223198,216996,210851,204797,198829,193178,187601,182071,176600,171443,166177,161018,156051,151195,146308,141671,136973,132476,128181,123989,119864,115852,111931,108041,104196,100523,96866,93189,89610,86125,82732,79589,76486,73424,70415,67466,64610,61725,58870,56096,53482,50852,48268,45787,43381,41078,38820,36614,34230,31908,29803,27838,25806,23928,22230,20675,19453,18438,17330,15596,14348,13210,12306,11488,10725,10076,9457,8865,8434,7807,7319,7183,6118,4290,3664,3189,3118,3117,3116,3094,3073,3067,1862,1319,501,12,11,11,11,11,11,11,10,10,7,6,5
c:\Users\Alessandra\Documents\GIT\signa-main\dados\complexosHDAC2\ligantes\4lxz_H2_L5.pdb,393907,385376,376926,368625,360422,352322,344363,336471,328625,320898,313208,305705,298253,290977,283750,276631,269585,262671,255939,249110,242578,236230,229797,223481,217273,211124,205075,199108,193462,187887,182348,176877,171717,166445,161292,156327,151458,146572,141926,137218,132707,128413,124206,120034,116030,112090,108200,104346,100675,97009,93327,89747,86269,82885,79738,76626,73552,70535,67579,64717,61835,58976,56197,53576,50934,48345,45866,43456,41153,38886,36676,34286,31969,29868,27908,25881,23990,22288,20724,19494,18477,17364,15628,14374,13234,12329,11509,10740,10086,9466,8870,8436,7810,7324,7189,6123,4293,3670,3193,3122,3121,3120,3098,3078,3072,1859,1322,503,12,11,11,11,11,11,11,10,10,7,6,5
c:\Users\Alessandra\Documents\GIT\signa-main\dados\complexosHDAC2\ligantes\4lxz_H2_L50.pdb,397164,388553,380033,371669,363385,355217,347150,339204,331288,323488,315730,308176,300670,293362,286066,278878,271764,264781,257978,251101,244498,238101,231617,225265,219014,212832,206719,200705,195010,189374,183798,178285,173042,167746,162527,157513,152603,147676,142984,138250,133719,129379,125135,120952,116919,112963,109016,105126,101417,97751,94041,90425,86907,83499,80321,77181,74087,71057,68075,65190,62281,59395,56606,53968,51307,48690,46194,43757,41441,39152,36923,34521,32188,30073,28088,26045,24146,22432,20869,19636,18604,17478,15737,14473,13327,12418,11591,10820,10158,9528,8933,8498,7868,7376,7230,6162,4321,3692,3213,3142,3141,3140,3118,3097,3091,1876,1327,502,12,11,11,11,11,11,11,10,10,7,6,5
c:\Users\Alessandra\Documents\GIT\signa-main\dados\complexosHDAC2\ligantes\4lxz_H2_L51.pdb,396058,387496,378992,370611,362365,354231,346196,338275,330347,322550,314799,307258,299761,292462,285165,277995,270884,263912,257165,250311,243742,237373,230936,224596,218344,212174,206068,200050,194356,188736,183183,177668,172460,167173,161976,156969,152080,147161,142506,137792,133262,128947,124710,120541,116513,112567,108640,104776,101074,97410,93718,90114,86596,83181,80017,76881,73797,70762,67792,64909,62009,59153,56357,53727,51074,48481,45992,43573,41273,38996,36782,34392,32057,29948,27966,25930,24044,22333,20768,19540,18516,17402,15666,14414,13270,12361,11535,10771,10120,9501,8906,8470,7835,7347,7209,6140,4301,3673,3197,3126,3125,3124,3102,3080,3074,1867,1322,502,12,11,11,11,11,11,11,10,10,7,6,5
c:\Users\Alessandra\Documents\GIT\signa-main\dados\complexosHDAC2\ligantes\4lxz_H2_L52.pdb,393564,385040,376589,368304,360100,352013,344041,336159,328313,320584,312900,305414,297963,290713,283474,276358,269305,262374,255654,248851,242326,235987,229572,223264,217036,210898,204855,198888,193237,187658,182120,176641,171473,166229,161072,156089,151237,146357,141716,137029,132552,128254,124047,119924,115926,111983,108108,104266,100576,96920,93247,89662,86179,82789,79654,76546,73482,70472,67524,64658,61773,58912,56139,53527,50883,48304,45823,43400,41092,38829,36622,34236,31912,29814,27850,25826,23939,22241,20685,19464,18448,17336,15604,14351,13218,12309,11491,10723,10075,9453,8858,8428,7802,7315,7180,6117,4288,3665,3188,3117,3116,3115,3093,3073,3067,1858,1319,502,12,11,11,11,11,11,11,10,10,7,6,5
c:\Users\Alessandra\Documents\GIT\signa-main\dados\complexosHDAC2\ligantes\4lxz_H2_L53.pdb,395939,387334,378831,370505,362254,354085,346039,338117,330211,322433,314680,307158,299686,292409,285102,277949,270853,263884,257126,250278,243702,237329,230882,224548,218332,212181,206087,200065,194373,188802,183230,177730,172551,167263,162080,157078,152182,147282,142608,137888,133375,129063,124848,120679,116646,112712,108796,104935,101234,97560,93856,90244,86733,83310,80149,77024,73929,70901,67924,65058,62158,59272,56472,53831,51175,48564,46073,43649,41327,39054,36837,34435,32104,29996,28022,25977,24084,22380,20812,19576,18550,17435,15696,14438,13289,12373,11550,10780,10127,9498,8902,8470,7839,7349,7211,6143,4315,3687,3208,3136,3135,3134,3110,3085,3076,1863,1324,502,12,11,11,11,11,11,11,10,10,7,6,5
c:\Users\Alessandra\Documents\GIT\signa-main\dados\complexosHDAC2\ligantes\4lxz_H2_L55.pdb,395750,387202,378725,370383,362109,353990,346000,338090,330185,322412,314677,307147,299664,292360,285079,277927,270853,263896,257117,250290,243712,237344,230901,224587,218325,212145,206053,200041,194363,188745,183166,177674,172473,167198,161993,156996,152122,147202,142537,137820,133321,128986,124766,120607,116585,112644,108709,104836,101135,97463,93776,90172,86657,83260,80085,76949,73859,70824,67856,64975,62073,59200,56414,53781,51121,48516,46032,43597,41281,38997,36784,34396,32075,29962,27990,25949,24061,22352,20788,19556,18526,17418,15667,14415,13271,12358,11541,10777,10124,9501,8906,8473,7839,7352,7216,6153,4307,3684,3205,3132,3131,3130,3107,3087,3081,1877,1330,503,12,11,11,11,11,11,11,10,10,7,6,5
c:\Users\Alessandra\Documents\GIT\signa-main\dados\complexosHDAC2\ligantes\4lxz_H2_L56.pdb,391668,383204,374798,366533,358363,350300,342379,334542,326732,319034,311385,303953,296548,289340,282138,275059,268045,261131,254442,247656,241173,234866,228490,222228,216054,209943,203908,197964,192356,186818,181307,175853,170731,165509,160377,155440,150613,145744,141131,136454,131981,127721,123542,119412,115427,111520,107647,103824,100174,96532,92852,89287,85813,82448,79320,76230,73168,70180,67238,64391,61511,58660,55906,53302,50670,48096,45629,43234,40946,38692,36490,34110,31803,29707,27758,25738,23857,22169,20609,19393,18386,17274,15544,14298,13160,12263,11454,10695,10048,9427,8839,8411,7783,7299,7163,6101,4276,3657,3181,3110,3109,3108,3086,3066,3060,1852,1317,501,12,11,11,11,11,11,11,10,10,7,6,5
c:\Users\Alessandra\Documents\GIT\signa-main\dados\complexosHDAC2\ligantes\4lxz_H2_L57.pdb,395030,386475,378015,369675,361444,353315,345305,337395,329509,321757,314033,306530,299063,291783,284505,277365,270288,263319,256574,249746,243208,236860,230420,224101,217880,211716,205626,199631,193964,188377,182820,177318,172132,166843,161681,156690,151804,146893,142239,137528,133005,128683,124475,120326,116312,112385,108475,104629,100950,97279,93590,89993,86482,83085,79928,76806,73728,70717,67760,64900,62005,59130,56346,53716,51068,48476,45977,43568,41263,38989,36780,34385,32055,29947,27975,25938,24047,22349,20786,19561,18541,17427,15680,14425,13286,12369,11551,10783,10128,9505,8908,8476,7843,7349,7205,6138,4306,3679,3203,3132,3131,3130,3107,3086,3078,1863,1318,501,12,11,11,11,11,11,11,10,10,7,6,5
c:\Users\Alessandra\Documents\GIT\signa-main\dados\complexosHDAC2\ligantes\4lxz_H2_L58.pdb,397179,388576,380046,371626,363348,355208,347167,339195,331277,323461,315696,308128,300612,293256,285940,278780,271637,264647,257863,250986,244374,237988,231527,225177,218929,212735,206612,200574,194897,189261,183661,178146,172920,167639,162427,157409,152511,147604,142918,138180,133653,129317,125068,120888,116859,112901,108955,105076,101374,97695,93962,90347,86832,83405,80235,77104,73992,70957,67976,65105,62187,59299,56502,53863,51201,48602,46105,43675,41363,39088,36870,34455,32118,30002,28027,25984,24101,22392,20817,19592,18572,17453,15710,14450,13300,12391,11574,10808,10160,9541,8942,8504,7862,7373,7234,6154,4316,3683,3206,3135,3134,3133,3111,3089,3083,1873,1324,504,12,11,11,11,11,11,11,10,10,7,6,5
c:\Users\Alessandra\Documents\GIT\signa-main\dados\complexosHDAC2\ligantes\4lxz_H2_L59.pdb,397341,388745,380177,371785,363518,355334,347293,339352,331401,323595,315827,308240,300705,293360,286022,278854,271740,264742,257953,251077,244482,238079,231599,225245,218966,212760,206627,200621,194908,189292,183694,178181,172978,167660,162439,157424,152504,147584,142913,138156,133620,129290,125040,120853,116801,112845,108889,105004,101305,97625,93926,90297,86788,83379,80206,77074,73955,70915,67934,65053,62141,59258,56468,53837,51177,48578,46084,43663,41349,39079,36859,34456,32114,29997,28030,25998,24108,22404,20825,19594,18576,17463,15720,14447,13311,12395,11579,10813,10160,9540,8944,8504,7866,7373,7234,6163,4319,3688,3211,3137,3136,3135,3113,3091,3085,1874,1324,501,12,11,11,11,11,11,11,10,10,7,6,5
c:\Users\Alessandra\Documents\GIT\signa-main\dados\complexosHDAC2\ligantes\4lxz_H2_L6.pdb,394861,386312,377841,369542,361295,353152,345161,337253,329374,321617,313894,306379,298914,291642,284373,277241,270161,263212,256467,249615,243057,236709,230269,223951,217735,211579,205487,199492,193824,188230,182691,177215,172020,166738,161564,156558,151679,146780,142114,137406,132895,128603,124396,120248,116236,112300,108394,104532,100838,97178,93507,89909,86420,83037,79876,76745,73677,70657,67696,64842,61933,59072,56291,53652,51000,48423,45946,43535,41224,38961,36730,34346,32019,29914,27938,25902,24020,22315,20747,19514,18490,17373,15636,14385,13240,12333,11515,10755,10105,9482,8890,8458,7827,7339,7201,6137,4303,3680,3198,3127,3126,3125,3103,3081,3075,1870,1324,501,12,11,11,11,11,11,11,10,10,7,6,5
c:\Users\Alessandra\Documents\GIT\signa-main\dados\complexosHDAC2\ligantes\4lxz_H2_L60.pdb,394299,385769,377297,368981,360753,352652,344662,336747,328864,321113,313423,305920,298469,291209,283958,276839,269779,262844,256100,249271,242743,236394,229979,223689,217488,211342,205269,199304,193655,188087,182536,177061,171886,166627,161454,156476,151593,146700,142053,137353,132864,128562,124348,120197,116183,112246,108344,104484,100793,97137,93447,89850,86362,82969,79804,76700,73611,70590,67637,64777,61884,59015,56235,53619,50989,48399,45921,43502,41199,38940,36728,34334,32016,29905,27940,25905,24028,22329,20759,19540,18516,17392,15652,14393,13255,12345,11526,10761,10106,9485,8894,8462,7829,7345,7209,6142,4304,3676,3200,3129,3128,3127,3105,3084,3077,1872,1324,505,14,11,11,11,11,11,11,10,10,7,6,5
c:\Users\Alessandra\Documents\GIT\signa-main\dados\complexosHDAC2\ligantes\4lxz_H2_L61.pdb,395449,386878,378373,370043,361815,353682,345683,337743,329857,322086,314367,306842,299373,292090,284806,277664,270584,263629,256856,250011,243459,237099,230671,224347,218096,211938,205855,199858,194188,188575,183015,177514,172336,167068,161881,156887,151991,147075,142408,137688,133179,128867,124642,120474,116448,112500,108583,104709,101025,97363,93666,90069,86567,83157,80002,76876,73784,70769,67797,64928,62023,59141,56361,53731,51086,48491,46005,43589,41284,39009,36781,34387,32052,29940,27966,25929,24045,22353,20792,19550,18527,17412,15674,14417,13270,12355,11534,10768,10122,9500,8910,8475,7844,7357,7213,6148,4317,3690,3208,3135,3134,3133,3111,3090,3083,1868,1328,502,12,11,11,11,11,11,11,10,10,7,6,5
c:\Users\Alessandra\Documents\GIT\signa-main\dados\complexosHDAC2\ligantes\4lxz_H2_L62.pdb,393637,385126,376673,368396,360181,352088,344123,336239,328373,320635,312957,305444,298009,290765,283520,276420,269369,262437,255706,248895,242362,236028,229617,223333,217119,210968,204908,198934,193293,187726,182185,176711,171546,166286,161122,156149,151292,146401,141755,137070,132574,128294,124096,119963,115959,112022,108117,104280,100611,96965,93270,89691,86209,82830,79677,76563,73473,70470,67520,64663,61775,58923,56151,53533,50893,48311,45827,43409,41107,38848,36636,34242,31922,29826,27866,25829,23938,22241,20680,19456,18445,17329,15600,14350,13213,12312,11498,10738,10087,9466,8876,8446,7819,7328,7194,6129,4293,3667,3192,3121,3120,3119,3097,3077,3071,1867,1321,501,12,11,11,11,11,11,11,10,10,7,6,5
c:\Users\Alessandra\Documents\GIT\signa-main\dados\complexosHDAC2\ligantes\4lxz_H2_L63.pdb,393988,385463,377009,368720,360493,352379,344390,336513,328627,320901,313201,305712,298258,291021,283764,276635,269570,262640,255904,249080,242521,236180,229766,223471,217254,211109,205060,199075,193425,187854,182310,176828,171664,166396,161228,156248,151388,146505,141853,137168,132675,128391,124192,120032,116014,112090,108191,104339,100671,97018,93344,89756,86276,82885,79729,76614,73541,70541,67587,64724,61829,58977,56194,53565,50916,48333,45853,43441,41145,38872,36661,34272,31949,29843,27870,25839,23957,22255,20700,19473,18460,17341,15603,14350,13215,12314,11495,10729,10081,9462,8867,8434,7804,7319,7183,6116,4288,3664,3189,3118,3117,3116,3094,3074,3068,1856,1317,502,12,11,11,11,11,11,11,10,10,7,6,5
c:\Users\Alessandra\Documents\GIT\signa-main\dados\complexosHDAC2\ligantes\4lxz_H2_L7.pdb,396375,387808,379289,370929,362671,354503,346467,338523,330621,322819,315079,307537,300033,292728,285420,278269,271152,264173,257394,250543,243961,237573,231100,224761,218516,212328,206222,200193,194512,188895,183326,177814,172624,167340,162145,157151,152287,147372,142693,137985,133471,129150,124923,120754,116731,112784,108860,104985,101295,97623,93918,90300,86805,83392,80218,77098,73992,70947,67974,65110,62218,59335,56529,53888,51229,48608,46120,43688,41376,39098,36871,34470,32136,30020,28047,26006,24112,22401,20821,19586,18568,17448,15701,14446,13304,12390,11561,10794,10141,9519,8926,8488,7853,7363,7223,6153,4316,3690,3211,3140,3138,3137,3114,3092,3085,1872,1331,502,12,11,11,11,11,11,11,10,10,7,6,5
c:\Users\Alessandra\Documents\GIT\signa-main\dados\complexosHDAC2\ligantes\4lxz_H2_L8.pdb,395560,387000,378525,370188,361920,353771,345743,337806,329929,322143,314425,306924,299452,292172,284894,277728,270641,263675,256891,250026,243474,237106,230666,224340,218106,211940,205867,199864,194198,188603,183045,177530,172340,167067,161899,156909,152021,147114,142450,137739,133223,128910,124683,120506,116479,112552,108649,104773,101079,97415,93728,90113,86623,83224,80056,76933,73843,70807,67848,64979,62073,59191,56397,53771,51125,48520,46023,43609,41293,39021,36806,34413,32084,29970,27990,25955,24075,22363,20804,19564,18544,17426,15697,14435,13291,12378,11548,10784,10127,9504,8908,8474,7849,7357,7218,6150,4311,3677,3201,3130,3129,3128,3106,3086,3080,1872,1329,501,12,11,11,11,11,11,11,10,10,7,6,5
c:\Users\Alessandra\Documents\GIT\signa-main\dados\complexosHDAC2\ligantes\4lxz_H2_L9.pdb,395346,386804,378317,370007,361782,353665,345660,337753,329849,322100,314388,306880,299401,292106,284834,277678,270581,263640,256892,250055,243497,237149,230704,224399,218159,211998,205924,199923,194255,188653,183102,177606,172436,167153,161957,156954,152071,147153,142487,137784,133270,128973,124758,120583,116554,112604,108687,104821,101125,97442,93727,90121,86629,83226,80064,76924,73822,70799,67840,64963,62056,59176,56392,53752,51107,48497,46003,43578,41279,39003,36781,34392,32065,29942,27968,25937,24049,22334,20761,19535,18516,17404,15662,14404,13265,12356,11533,10769,10118,9503,8911,8476,7846,7355,7220,6150,4308,3682,3204,3133,3132,3131,3109,3087,3081,1874,1325,502,12,11,11,11,11,11,11,10,10,7,6,5